{
    "IT2": {
        "ou_mean": 0.0073026106341592435,
        "ou_std": 0.015053480498088872
    },
    "IT3": {
        "ou_mean": 0.005844831946271754,
        "ou_std": 0.014357230611450209
    },
    "ITS4": {
        "ou_mean": -0.007712770510914318,
        "ou_std": 0.0115551292189201
    },
    "ITP4": {
        "ou_mean": 0.0008853359114426827,
        "ou_std": 0.011668675190271944
    },
    "IT5A": {
        "ou_mean": -0.010030010238150325,
        "ou_std": 0.01875048670049055
    },
    "CT5A": {
        "ou_mean": -0.002165946600080413,
        "ou_std": 0.012732628618974116
    },
    "IT5B": {
        "ou_mean": -0.012631704634691345,
        "ou_std": 0.023366271534494262
    },
    "CT5B": {
        "ou_mean": -0.0028789972568207555,
        "ou_std": 0.013924233109346436
    },
    "PT5B": {
        "ou_mean": -0.012057986320423333,
        "ou_std": 0.028225089475630745
    },
    "IT6": {
        "ou_mean": 0.002682001067203894,
        "ou_std": 0.016342162921675018
    },
    "CT6": {
        "ou_mean": 0.0044958581528154705,
        "ou_std": 0.013223859489318543
    },
    "PV2": {
        "ou_mean": -0.030119533632816286,
        "ou_std": 0.012488400481112117
    },
    "PV3": {
        "ou_mean": -0.02980105474133562,
        "ou_std": 0.010894331984398306
    },
    "PV4": {
        "ou_mean": -0.0112136712500568,
        "ou_std": 0.014760372625063916
    },
    "PV5A": {
        "ou_mean": -0.006578532061448121,
        "ou_std": 0.01846165120378666
    },
    "PV5B": {
        "ou_mean": -0.007060722844086542,
        "ou_std": 0.018783333394070147
    },
    "PV6": {
        "ou_mean": -0.010975043268842837,
        "ou_std": 0.010453973056828979
    },
    "SOM2": {
        "ou_mean": -0.01257102183311366,
        "ou_std": 0.003995856164421718
    },
    "SOM3": {
        "ou_mean": -0.012534091455115545,
        "ou_std": 0.004614677988765391
    },
    "SOM4": {
        "ou_mean": -0.009669420490377795,
        "ou_std": 0.004592669959321982
    },
    "SOM5A": {
        "ou_mean": -0.00661320759002868,
        "ou_std": 0.004897266930538105
    },
    "SOM5B": {
        "ou_mean": -0.007095829842107724,
        "ou_std": 0.005517000172228086
    },
    "SOM6": {
        "ou_mean": -0.003521933649571301,
        "ou_std": 0.006583340898708672
    },
    "VIP2": {
        "ou_mean": -0.01486657639788643,
        "ou_std": 0.01602212430629664
    },
    "VIP3": {
        "ou_mean": -0.01375803635030896,
        "ou_std": 0.015148881093522339
    },
    "VIP4": {
        "ou_mean": -0.01829430289120129,
        "ou_std": 0.008254797602759167
    },
    "VIP5A": {
        "ou_mean": -0.014529147911467328,
        "ou_std": 0.009864842086611094
    },
    "VIP5B": {
        "ou_mean": -0.018627273072398306,
        "ou_std": 0.012219239244687954
    },
    "VIP6": {
        "ou_mean": -0.02157858420372215,
        "ou_std": 0.00561147045039759
    },
    "NGF1": {
        "ou_mean": -0.0013504674954289565,
        "ou_std": 0.0024904007593973885
    },
    "NGF2": {
        "ou_mean": -0.0038073234038568933,
        "ou_std": 0.003154913950145839
    },
    "NGF3": {
        "ou_mean": -0.0037486576744661096,
        "ou_std": 0.0030139596093329162
    },
    "NGF4": {
        "ou_mean": -0.004086550727799805,
        "ou_std": 0.0019107077266838526
    },
    "NGF5A": {
        "ou_mean": -0.0032300327092870704,
        "ou_std": 0.0022532671996135308
    },
    "NGF5B": {
        "ou_mean": -0.003636998497681306,
        "ou_std": 0.0021426174074161714
    },
    "NGF6": {
        "ou_mean": -0.0028682465806298273,
        "ou_std": 0.0017610276288344362
    },
    "TC": {
        "ou_mean": -0.023401529727097727,
        "ou_std": 0.028051899767002748
    },
    "TCM": {
        "ou_mean": 0.003166956797985474,
        "ou_std": 0.009046825139209016
    },
    "HTC": {
        "ou_mean": 0.0008361003915440359,
        "ou_std": 0.008626671591678466
    },
    "TI": {
        "ou_mean": -0.0038172069906769377,
        "ou_std": 0.015643317231461992
    },
    "TIM": {
        "ou_mean": -0.009910336354560888,
        "ou_std": 0.018606256787053188
    },
    "IRE": {
        "ou_mean": -0.0063279622229469095,
        "ou_std": 0.004541604916131962
    },
    "IREM": {
        "ou_mean": -0.007789229237167814,
        "ou_std": 0.004949014255175781
    }
}