{
    "CT5A": {
        "ou_mean": 0.017,
        "ou_std": 0.0054
    },
    "CT5B": {
        "ou_mean": 0.017,
        "ou_std": 0.0054
    },
    "CT6": {
        "ou_mean": 0.017,
        "ou_std": 0.0054
    },
    "HTC": {
        "ou_mean": 0.006,
        "ou_std": 0.0032
    },
    "IRE": {
        "ou_mean": -0.0005,
        "ou_std": 0.0019
    },
    "IREM": {
        "ou_mean": 0.01,
        "ou_std": 0.004
    },
    "IT2": {
        "ou_mean": 0.015,
        "ou_std": 0.005
    },
    "IT3": {
        "ou_mean": 0.02,
        "ou_std": 0.006
    },
    "IT5A": {
        "ou_mean": 0.01,
        "ou_std": 0.004
    },
    "IT5B": {
        "ou_mean": 0.015,
        "ou_std": 0.005
    },
    "IT6": {
        "ou_mean": 0.015,
        "ou_std": 0.005
    },
    "ITP4": {
        "ou_mean": 0.015,
        "ou_std": 0.005
    },
    "ITS4": {
        "ou_mean": 0.004,
        "ou_std": 0.0028
    },
    "NGF1": {
        "ou_mean": 0.01,
        "ou_std": 0.004
    },
    "NGF2": {
        "ou_mean": 0.01,
        "ou_std": 0.004
    },
    "NGF3": {
        "ou_mean": 0.01,
        "ou_std": 0.004
    },
    "NGF4": {
        "ou_mean": 0.01,
        "ou_std": 0.004
    },
    "NGF5A": {
        "ou_mean": 0.01,
        "ou_std": 0.004
    },
    "NGF5B": {
        "ou_mean": 0.01,
        "ou_std": 0.004
    },
    "NGF6": {
        "ou_mean": 0.01,
        "ou_std": 0.004
    },
    "PT5B": {
        "ou_mean": 0.025,
        "ou_std": 0.007000000000000001
    },
    "PV2": {
        "ou_mean": 0.014,
        "ou_std": 0.0048000000000000004
    },
    "PV3": {
        "ou_mean": 0.014,
        "ou_std": 0.0048000000000000004
    },
    "PV4": {
        "ou_mean": 0.0125,
        "ou_std": 0.0045000000000000005
    },
    "PV5A": {
        "ou_mean": 0.015,
        "ou_std": 0.005
    },
    "PV5B": {
        "ou_mean": 0.015,
        "ou_std": 0.005
    },
    "PV6": {
        "ou_mean": 0.0125,
        "ou_std": 0.0045000000000000005
    },
    "SOM2": {
        "ou_mean": 0.0025,
        "ou_std": 0.0025
    },
    "SOM3": {
        "ou_mean": 0.0025,
        "ou_std": 0.0025
    },
    "SOM4": {
        "ou_mean": 0.025,
        "ou_std": 0.007000000000000001
    },
    "SOM5A": {
        "ou_mean": 0.005,
        "ou_std": 0.003
    },
    "SOM5B": {
        "ou_mean": 0.005,
        "ou_std": 0.003
    },
    "SOM6": {
        "ou_mean": 0.004,
        "ou_std": 0.0028
    },
    "TC": {
        "ou_mean": 0.006,
        "ou_std": 0.0032
    },
    "TCM": {
        "ou_mean": 0.006,
        "ou_std": 0.0032
    },
    "TI": {
        "ou_mean": 0.005,
        "ou_std": 0.003
    },
    "TIM": {
        "ou_mean": 0.005,
        "ou_std": 0.003
    },
    "VIP2": {
        "ou_mean": 0.005,
        "ou_std": 0.003
    },
    "VIP3": {
        "ou_mean": 0.005,
        "ou_std": 0.003
    },
    "VIP4": {
        "ou_mean": 0.007,
        "ou_std": 0.0034000000000000002
    },
    "VIP5A": {
        "ou_mean": 0.007,
        "ou_std": 0.0034000000000000002
    },
    "VIP5B": {
        "ou_mean": 0.007,
        "ou_std": 0.0034000000000000002
    },
    "VIP6": {
        "ou_mean": 0.009,
        "ou_std": 0.0038
    }
}