{
    "CT5A": {
        "ou_mean": 0.01130999313103239,
        "ou_std": 0.009523997252412956
    },
    "CT5B": {
        "ou_mean": 0.011395489728666153,
        "ou_std": 0.009558195891466462
    },
    "CT6": {
        "ou_mean": 0.011318059993450398,
        "ou_std": 0.009527223997380159
    },
    "HTC": {
        "ou_mean": 0.0009748479760916368,
        "ou_std": 0.005389939190436655
    },
    "IRE": {
        "ou_mean": -0.0043475865064682324,
        "ou_std": 0.003260965397412707
    },
    "IREM": {
        "ou_mean": -0.0043856213763841054,
        "ou_std": 0.0032457514494463576
    },
    "IT2": {
        "ou_mean": 0.006591458607504234,
        "ou_std": 0.007636583443001694
    },
    "IT3": {
        "ou_mean": 0.007270829938447928,
        "ou_std": 0.007908331975379171
    },
    "IT5A": {
        "ou_mean": 0.006152314848780711,
        "ou_std": 0.007460925939512285
    },
    "IT5B": {
        "ou_mean": 0.007978466429041958,
        "ou_std": 0.008191386571616784
    },
    "IT6": {
        "ou_mean": 0.00643305337486648,
        "ou_std": 0.007573221349946592
    },
    "ITP4": {
        "ou_mean": 0.008853145255610647,
        "ou_std": 0.00854125810224426
    },
    "ITS4": {
        "ou_mean": -0.0010537861478059712,
        "ou_std": 0.004578485540877612
    },
    "NGF1": {
        "ou_mean": 0.004182522336027571,
        "ou_std": 0.006673008934411029
    },
    "NGF2": {
        "ou_mean": 0.0034190517174874646,
        "ou_std": 0.006367620686994986
    },
    "NGF3": {
        "ou_mean": 0.004284563759203684,
        "ou_std": 0.006713825503681474
    },
    "NGF4": {
        "ou_mean": 0.00452739414563641,
        "ou_std": 0.006810957658254564
    },
    "NGF5A": {
        "ou_mean": 0.004265384711691356,
        "ou_std": 0.006706153884676542
    },
    "NGF5B": {
        "ou_mean": 0.0037117624052814546,
        "ou_std": 0.006484704962112582
    },
    "NGF6": {
        "ou_mean": 0.004227987273149696,
        "ou_std": 0.0066911949092598785
    },
    "PT5B": {
        "ou_mean": 0.017337865811286456,
        "ou_std": 0.011935146324514583
    },
    "PV2": {
        "ou_mean": 0.012414713116306446,
        "ou_std": 0.009965885246522579
    },
    "PV3": {
        "ou_mean": 0.012307181950142479,
        "ou_std": 0.009922872780056992
    },
    "PV4": {
        "ou_mean": 0.011524067131362687,
        "ou_std": 0.009609626852545076
    },
    "PV5A": {
        "ou_mean": 0.013131847354101403,
        "ou_std": 0.010252738941640561
    },
    "PV5B": {
        "ou_mean": 0.013046863452405265,
        "ou_std": 0.010218745380962107
    },
    "PV6": {
        "ou_mean": 0.010688664729022879,
        "ou_std": 0.009275465891609151
    },
    "SOM2": {
        "ou_mean": -0.002318984304967822,
        "ou_std": 0.004072406278012871
    },
    "SOM3": {
        "ou_mean": -0.002104105714657622,
        "ou_std": 0.0041583577141369515
    },
    "SOM4": {
        "ou_mean": -0.002662490528377962,
        "ou_std": 0.003935003788648815
    },
    "SOM5A": {
        "ou_mean": -0.0014577498973641118,
        "ou_std": 0.004416900041054356
    },
    "SOM5B": {
        "ou_mean": -0.001482810678596582,
        "ou_std": 0.004406875728561367
    },
    "SOM6": {
        "ou_mean": -0.0014525293403271963,
        "ou_std": 0.004418988263869121
    },
    "TC": {
        "ou_mean": 0.0010109872220361834,
        "ou_std": 0.005404394888814473
    },
    "TCM": {
        "ou_mean": 0.0008686790521714558,
        "ou_std": 0.005347471620868583
    },
    "TI": {
        "ou_mean": -0.00016046007764480667,
        "ou_std": 0.004935815968942077
    },
    "TIM": {
        "ou_mean": -9.628825714182165e-06,
        "ou_std": 0.004996148469714327
    },
    "VIP2": {
        "ou_mean": 0.002803237899131076,
        "ou_std": 0.006121295159652431
    },
    "VIP3": {
        "ou_mean": 0.0029021715258876484,
        "ou_std": 0.00616086861035506
    },
    "VIP4": {
        "ou_mean": 0.003148858502348145,
        "ou_std": 0.006259543400939259
    },
    "VIP5A": {
        "ou_mean": 0.003537131616415555,
        "ou_std": 0.006414852646566222
    },
    "VIP5B": {
        "ou_mean": 0.0031030770841322325,
        "ou_std": 0.006241230833652894
    },
    "VIP6": {
        "ou_mean": 0.0001507549254095089,
        "ou_std": 0.005060301970163804
    }
}