{
    "CT5A": {
        "ou_mean": 0.020185878519141748,
        "ou_std": 0.006037175703828349
    },
    "CT5B": {
        "ou_mean": 0.0200741694074675,
        "ou_std": 0.0060148338814935
    },
    "CT6": {
        "ou_mean": 0.019415305894148194,
        "ou_std": 0.005883061178829639
    },
    "HTC": {
        "ou_mean": 0.003694205425747171,
        "ou_std": 0.002738841085149434
    },
    "IRE": {
        "ou_mean": -0.0005036928269174261,
        "ou_std": 0.0018992614346165148
    },
    "IREM": {
        "ou_mean": -0.0004484959862809338,
        "ou_std": 0.0019103008027438132
    },
    "IT2": {
        "ou_mean": 0.023648620517596634,
        "ou_std": 0.006729724103519327
    },
    "IT3": {
        "ou_mean": 0.0214947820289257,
        "ou_std": 0.00629895640578514
    },
    "IT5A": {
        "ou_mean": 0.0031516317982148018,
        "ou_std": 0.0026303263596429605
    },
    "IT5B": {
        "ou_mean": 0.010416672678019316,
        "ou_std": 0.0040833345356038634
    },
    "IT6": {
        "ou_mean": 0.019194484514893095,
        "ou_std": 0.005838896902978619
    },
    "ITP4": {
        "ou_mean": 0.00891627681009274,
        "ou_std": 0.003783255362018548
    },
    "ITS4": {
        "ou_mean": 0.0017510498797972532,
        "ou_std": 0.0023502099759594506
    },
    "NGF1": {
        "ou_mean": 0.004442165364769723,
        "ou_std": 0.0028884330729539447
    },
    "NGF2": {
        "ou_mean": 0.004543435587324144,
        "ou_std": 0.0029086871174648287
    },
    "NGF3": {
        "ou_mean": 0.004476368750643339,
        "ou_std": 0.002895273750128668
    },
    "NGF4": {
        "ou_mean": 0.005676945483654728,
        "ou_std": 0.003135389096730946
    },
    "NGF5A": {
        "ou_mean": 0.004320057413865302,
        "ou_std": 0.0028640114827730603
    },
    "NGF5B": {
        "ou_mean": 0.004529601958020326,
        "ou_std": 0.0029059203916040654
    },
    "NGF6": {
        "ou_mean": 0.0038062556967202368,
        "ou_std": 0.0027612511393440473
    },
    "PT5B": {
        "ou_mean": 0.027925702227641073,
        "ou_std": 0.007585140445528215
    },
    "PV2": {
        "ou_mean": 0.004877922434470449,
        "ou_std": 0.00297558448689409
    },
    "PV3": {
        "ou_mean": 0.00475346313291794,
        "ou_std": 0.002950692626583588
    },
    "PV4": {
        "ou_mean": 0.0025818037672676007,
        "ou_std": 0.00251636075345352
    },
    "PV5A": {
        "ou_mean": 0.009358234592490723,
        "ou_std": 0.003871646918498145
    },
    "PV5B": {
        "ou_mean": 0.009205068830257462,
        "ou_std": 0.0038410137660514925
    },
    "PV6": {
        "ou_mean": 0.0017076931764720175,
        "ou_std": 0.0023415386352944037
    },
    "SOM2": {
        "ou_mean": -0.0028316922605729974,
        "ou_std": 0.0014336615478854004
    },
    "SOM3": {
        "ou_mean": -0.0030347876835640775,
        "ou_std": 0.0013930424632871844
    },
    "SOM4": {
        "ou_mean": -0.005396539476780747,
        "ou_std": 0.0009206921046438505
    },
    "SOM5A": {
        "ou_mean": -0.00017631667701460685,
        "ou_std": 0.0019647366645970787
    },
    "SOM5B": {
        "ou_mean": -0.00039790458958487845,
        "ou_std": 0.0019204190820830244
    },
    "SOM6": {
        "ou_mean": 0.00037755861237251387,
        "ou_std": 0.002075511722474503
    },
    "TC": {
        "ou_mean": 0.003612877219456887,
        "ou_std": 0.0027225754438913773
    },
    "TCM": {
        "ou_mean": 0.0033393381645807777,
        "ou_std": 0.0026678676329161557
    },
    "TI": {
        "ou_mean": 0.004081678436139005,
        "ou_std": 0.0028163356872278012
    },
    "TIM": {
        "ou_mean": 0.0041242308293643615,
        "ou_std": 0.0028248461658728725
    },
    "VIP2": {
        "ou_mean": 0.0006640861054084818,
        "ou_std": 0.0021328172210816963
    },
    "VIP3": {
        "ou_mean": 0.0006344826256398234,
        "ou_std": 0.0021268965251279646
    },
    "VIP4": {
        "ou_mean": 0.0015711712198882496,
        "ou_std": 0.00231423424397765
    },
    "VIP5A": {
        "ou_mean": 0.0033168699553940764,
        "ou_std": 0.0026633739910788155
    },
    "VIP5B": {
        "ou_mean": 0.002850867368444891,
        "ou_std": 0.002570173473688978
    },
    "VIP6": {
        "ou_mean": -0.005680027715072977,
        "ou_std": 0.0008639944569854045
    }
}