{
    "IT2": {
        "ou_mean": 0.007712158860326542,
        "ou_std": 0.015053480498088872
    },
    "IT3": {
        "ou_mean": 0.0053073392738044655,
        "ou_std": 0.014357230611450209
    },
    "ITS4": {
        "ou_mean": -0.007667269269792079,
        "ou_std": 0.0115551292189201
    },
    "ITP4": {
        "ou_mean": 0.0004984894401128205,
        "ou_std": 0.011668675190271944
    },
    "IT5A": {
        "ou_mean": -0.010678643491198637,
        "ou_std": 0.01875048670049055
    },
    "CT5A": {
        "ou_mean": -0.0019765839643592904,
        "ou_std": 0.012732628618974116
    },
    "IT5B": {
        "ou_mean": -0.012738368254996217,
        "ou_std": 0.023366271534494262
    },
    "CT5B": {
        "ou_mean": -0.0026423946977479165,
        "ou_std": 0.013924233109346436
    },
    "PT5B": {
        "ou_mean": -0.012768973719433523,
        "ou_std": 0.028225089475630745
    },
    "IT6": {
        "ou_mean": 0.002271065924221326,
        "ou_std": 0.016342162921675018
    },
    "CT6": {
        "ou_mean": 0.004798213060314967,
        "ou_std": 0.013223859489318543
    },
    "PV2": {
        "ou_mean": -0.03266687577421819,
        "ou_std": 0.012488400481112117
    },
    "PV3": {
        "ou_mean": -0.03197700465015625,
        "ou_std": 0.010894331984398306
    },
    "PV4": {
        "ou_mean": -0.011914666116075199,
        "ou_std": 0.014760372625063916
    },
    "PV5A": {
        "ou_mean": -0.007436996288430835,
        "ou_std": 0.01846165120378666
    },
    "PV5B": {
        "ou_mean": -0.007236882553615639,
        "ou_std": 0.018783333394070147
    },
    "PV6": {
        "ou_mean": -0.01115561534134025,
        "ou_std": 0.010453973056828979
    },
    "SOM2": {
        "ou_mean": -0.013280327390450009,
        "ou_std": 0.003995856164421718
    },
    "SOM3": {
        "ou_mean": -0.013131968635365239,
        "ou_std": 0.004614677988765391
    },
    "SOM4": {
        "ou_mean": -0.009993911367476625,
        "ou_std": 0.004592669959321982
    },
    "SOM5A": {
        "ou_mean": -0.006922468619567649,
        "ou_std": 0.004897266930538105
    },
    "SOM5B": {
        "ou_mean": -0.0074133556396649885,
        "ou_std": 0.005517000172228086
    },
    "SOM6": {
        "ou_mean": -0.003512036827303325,
        "ou_std": 0.006583340898708672
    },
    "VIP2": {
        "ou_mean": -0.014994764255000986,
        "ou_std": 0.01602212430629664
    },
    "VIP3": {
        "ou_mean": -0.014058258370818045,
        "ou_std": 0.015148881093522339
    },
    "VIP4": {
        "ou_mean": -0.018745448762022287,
        "ou_std": 0.008254797602759167
    },
    "VIP5A": {
        "ou_mean": -0.015127267906499773,
        "ou_std": 0.009864842086611094
    },
    "VIP5B": {
        "ou_mean": -0.019029435686195122,
        "ou_std": 0.012219239244687954
    },
    "VIP6": {
        "ou_mean": -0.02165151500837312,
        "ou_std": 0.00561147045039759
    },
    "NGF1": {
        "ou_mean": -0.0011274210390118395,
        "ou_std": 0.0024904007593973885
    },
    "NGF2": {
        "ou_mean": -0.004043804406205275,
        "ou_std": 0.003154913950145839
    },
    "NGF3": {
        "ou_mean": -0.0037228757917830775,
        "ou_std": 0.0030139596093329162
    },
    "NGF4": {
        "ou_mean": -0.003871114126655855,
        "ou_std": 0.0019107077266838526
    },
    "NGF5A": {
        "ou_mean": -0.0030316336070197823,
        "ou_std": 0.0022532671996135308
    },
    "NGF5B": {
        "ou_mean": -0.0026858941023959197,
        "ou_std": 0.0021426174074161714
    },
    "NGF6": {
        "ou_mean": -0.002336291757383848,
        "ou_std": 0.0017610276288344362
    },
    "TC": {
        "ou_mean": -0.02315984941164114,
        "ou_std": 0.028051899767002748
    },
    "TCM": {
        "ou_mean": 0.0021556346599406803,
        "ou_std": 0.009046825139209016
    },
    "HTC": {
        "ou_mean": 0.00030153391432094045,
        "ou_std": 0.008626671591678466
    },
    "TI": {
        "ou_mean": -0.004346507300795954,
        "ou_std": 0.015643317231461992
    },
    "TIM": {
        "ou_mean": -0.00986257541601184,
        "ou_std": 0.018606256787053188
    },
    "IRE": {
        "ou_mean": -0.005955747009374794,
        "ou_std": 0.004541604916131962
    },
    "IREM": {
        "ou_mean": -0.007466093165968754,
        "ou_std": 0.004949014255175781
    }
}