ou_mean,ou_std
-0.002,0.0
-0.002,0.002
-0.002,0.004
0.0013333333333333335,0.0
0.0013333333333333335,0.002
0.0013333333333333335,0.004
0.004666666666666667,0.0
0.004666666666666667,0.002
0.004666666666666667,0.004
0.008,0.0
0.008,0.002
0.008,0.004
