{
    "CT5A": {
        "ou_mean": 0.017640885886516654,
        "ou_std": 0.0055281771773033304
    },
    "CT5B": {
        "ou_mean": 0.017592666463277343,
        "ou_std": 0.005518533292655468
    },
    "CT6": {
        "ou_mean": 0.017065567147504943,
        "ou_std": 0.005413113429500989
    },
    "HTC": {
        "ou_mean": 0.00368633120700954,
        "ou_std": 0.002737266241401908
    },
    "IRE": {
        "ou_mean": -0.0010651573410166916,
        "ou_std": 0.0017869685317966617
    },
    "IREM": {
        "ou_mean": -0.0012757174753257883,
        "ou_std": 0.0017448565049348423
    },
    "IT2": {
        "ou_mean": 0.016362835905301742,
        "ou_std": 0.005272567181060349
    },
    "IT3": {
        "ou_mean": 0.01827516377762443,
        "ou_std": 0.0056550327555248865
    },
    "IT5A": {
        "ou_mean": 0.01380095959559935,
        "ou_std": 0.00476019191911987
    },
    "IT5B": {
        "ou_mean": 0.015845321218552894,
        "ou_std": 0.005169064243710579
    },
    "IT6": {
        "ou_mean": 0.01439230145515514,
        "ou_std": 0.0048784602910310285
    },
    "ITP4": {
        "ou_mean": 0.015476361572263918,
        "ou_std": 0.005095272314452784
    },
    "ITS4": {
        "ou_mean": 0.0018358962802619816,
        "ou_std": 0.0023671792560523964
    },
    "NGF1": {
        "ou_mean": 0.00405291863510144,
        "ou_std": 0.002810583727020288
    },
    "NGF2": {
        "ou_mean": 0.004075380049290347,
        "ou_std": 0.0028150760098580693
    },
    "NGF3": {
        "ou_mean": 0.0039044412283292303,
        "ou_std": 0.002780888245665846
    },
    "NGF4": {
        "ou_mean": 0.004469652539586428,
        "ou_std": 0.0028939305079172858
    },
    "NGF5A": {
        "ou_mean": 0.003878088517932624,
        "ou_std": 0.0027756177035865247
    },
    "NGF5B": {
        "ou_mean": 0.004064999434995628,
        "ou_std": 0.0028129998869991257
    },
    "NGF6": {
        "ou_mean": 0.003769501307253206,
        "ou_std": 0.002753900261450641
    },
    "PT5B": {
        "ou_mean": 0.0232173262512938,
        "ou_std": 0.00664346525025876
    },
    "PV2": {
        "ou_mean": 0.008726125186790794,
        "ou_std": 0.0037452250373581587
    },
    "PV3": {
        "ou_mean": 0.008718863823662,
        "ou_std": 0.0037437727647324
    },
    "PV4": {
        "ou_mean": 0.007644737729379033,
        "ou_std": 0.0035289475458758065
    },
    "PV5A": {
        "ou_mean": 0.010999614392758792,
        "ou_std": 0.004199922878551759
    },
    "PV5B": {
        "ou_mean": 0.010808730386785238,
        "ou_std": 0.004161746077357048
    },
    "PV6": {
        "ou_mean": 0.007611202528655103,
        "ou_std": 0.0035222405057310207
    },
    "SOM2": {
        "ou_mean": -0.0008340183422687885,
        "ou_std": 0.0018331963315462423
    },
    "SOM3": {
        "ou_mean": -0.0007633343377473098,
        "ou_std": 0.001847333132450538
    },
    "SOM4": {
        "ou_mean": -0.0017742634121318199,
        "ou_std": 0.001645147317573636
    },
    "SOM5A": {
        "ou_mean": 0.0006319054839477656,
        "ou_std": 0.002126381096789553
    },
    "SOM5B": {
        "ou_mean": 0.0005334999113178849,
        "ou_std": 0.002106699982263577
    },
    "SOM6": {
        "ou_mean": 0.0011466476996361287,
        "ou_std": 0.0022293295399272257
    },
    "TC": {
        "ou_mean": 0.003620395783472892,
        "ou_std": 0.0027240791566945782
    },
    "TCM": {
        "ou_mean": 0.0035572930589367756,
        "ou_std": 0.002711458611787355
    },
    "TI": {
        "ou_mean": 0.0028108368793507677,
        "ou_std": 0.0025621673758701538
    },
    "TIM": {
        "ou_mean": 0.0028528855075763727,
        "ou_std": 0.0025705771015152746
    },
    "VIP2": {
        "ou_mean": 0.0023168308411757716,
        "ou_std": 0.0024633661682351544
    },
    "VIP3": {
        "ou_mean": 0.0022866482017151225,
        "ou_std": 0.0024573296403430245
    },
    "VIP4": {
        "ou_mean": 0.002792542715016884,
        "ou_std": 0.0025585085430033768
    },
    "VIP5A": {
        "ou_mean": 0.003675704468564536,
        "ou_std": 0.002735140893712907
    },
    "VIP5B": {
        "ou_mean": 0.0034166615859865987,
        "ou_std": 0.0026833323171973197
    },
    "VIP6": {
        "ou_mean": -0.0005037765858935325,
        "ou_std": 0.0018992446828212934
    }
}