{
    "ou_inputs": {
        "NGF1": {
            "ou_mean": 0.006768370538867549,
            "ou_std": 0.0027073482155470195
        },
        "NGF2": {
            "ou_mean": 0.006199634199272948,
            "ou_std": 0.0024798536797091793
        },
        "NGF3": {
            "ou_mean": 0.006948397929497443,
            "ou_std": 0.0027793591717989773
        },
        "NGF4": {
            "ou_mean": 0.0069811852592367475,
            "ou_std": 0.002792474103694699
        },
        "NGF5A": {
            "ou_mean": 0.006794746797443409,
            "ou_std": 0.0027178987189773636
        },
        "NGF5B": {
            "ou_mean": 0.006471376733706064,
            "ou_std": 0.002588550693482426
        },
        "NGF6": {
            "ou_mean": 0.007185947551054813,
            "ou_std": 0.0028743790204219253
        },
        "SOM2": {
            "ou_mean": 0.0022577297074101387,
            "ou_std": 0.0009030918829640556
        },
        "SOM3": {
            "ou_mean": 0.0022558452158127464,
            "ou_std": 0.0009023380863250986
        },
        "SOM4": {
            "ou_mean": 0.0022452671429345965,
            "ou_std": 0.0008981068571738386
        },
        "SOM5A": {
            "ou_mean": 0.0022810847145370633,
            "ou_std": 0.0009124338858148254
        },
        "SOM5B": {
            "ou_mean": 0.002287213441487029,
            "ou_std": 0.0009148853765948116
        },
        "SOM6": {
            "ou_mean": 0.0022454784367758034,
            "ou_std": 0.0008981913747103214
        },
        "PV2": {
            "ou_mean": 0.01664700823404673,
            "ou_std": 0.006658803293618693
        },
        "PV3": {
            "ou_mean": 0.01640472560448759,
            "ou_std": 0.006561890241795036
        },
        "PV4": {
            "ou_mean": 0.016254965646262477,
            "ou_std": 0.006501986258504991
        },
        "PV5A": {
            "ou_mean": 0.016477233732940112,
            "ou_std": 0.006590893493176046
        },
        "PV5B": {
            "ou_mean": 0.016422402616967494,
            "ou_std": 0.006568961046786998
        },
        "PV6": {
            "ou_mean": 0.01656848033438745,
            "ou_std": 0.0066273921337549795
        },
        "VIP2": {
            "ou_mean": 0.005146395712381784,
            "ou_std": 0.002058558284952714
        },
        "VIP3": {
            "ou_mean": 0.005382975570576593,
            "ou_std": 0.0021531902282306372
        },
        "VIP4": {
            "ou_mean": 0.005342537913398921,
            "ou_std": 0.0021370151653595684
        },
        "VIP5A": {
            "ou_mean": 0.00538428944379332,
            "ou_std": 0.0021537157775173284
        },
        "VIP5B": {
            "ou_mean": 0.0053380419656156985,
            "ou_std": 0.0021352167862462796
        },
        "VIP6": {
            "ou_mean": 0.0054646740925848375,
            "ou_std": 0.002185869637033935
        },
        "IT2": {
            "ou_mean": 0.009945182996490276,
            "ou_std": 0.00397807319859611
        },
        "IT3": {
            "ou_mean": 0.011509796757935953,
            "ou_std": 0.004603918703174381
        },
        "IT6": {
            "ou_mean": 0.007925224399057162,
            "ou_std": 0.003170089759622865
        },
        "ITP4": {
            "ou_mean": 0.011149927992974746,
            "ou_std": 0.004459971197189899
        },
        "ITS4": {
            "ou_mean": 0.0038554809684947866,
            "ou_std": 0.0015421923873979147
        },
        "IT5A": {
            "ou_mean": 0.008415168602636193,
            "ou_std": 0.0033660674410544776
        },
        "IT5B": {
            "ou_mean": 0.009050329621539982,
            "ou_std": 0.003620131848615993
        },
        "PT5B": {
            "ou_mean": 0.019565898110017257,
            "ou_std": 0.007826359244006903
        },
        "CT5A": {
            "ou_mean": 0.01408632339009486,
            "ou_std": 0.005634529356037945
        },
        "CT5B": {
            "ou_mean": 0.01413557003789989,
            "ou_std": 0.0056542280151599565
        },
        "CT6": {
            "ou_mean": 0.014092071901104019,
            "ou_std": 0.005636828760441608
        },
        "TC": {
            "ou_mean": 0.004074138422331314,
            "ou_std": 0.0016296553689325256
        },
        "TCM": {
            "ou_mean": 0.004033298421582919,
            "ou_std": 0.0016133193686331676
        },
        "HTC": {
            "ou_mean": 0.004112298753566351,
            "ou_std": 0.0016449195014265406
        },
        "IRE": {
            "ou_mean": 0.0018154781046100339,
            "ou_std": 0.0007261912418440136
        },
        "IREM": {
            "ou_mean": 0.0018051864646075012,
            "ou_std": 0.0007220745858430005
        },
        "TI": {
            "ou_mean": 0.0018033855780058019,
            "ou_std": 0.0007213542312023207
        },
        "TIM": {
            "ou_mean": 0.0018327776567010996,
            "ou_std": 0.0007331110626804399
        }
    }
}