ou_mean,ou_std
-0.01,0.0
-0.01,0.024999999999999998
-0.01,0.049999999999999996
-0.01,0.075
-0.0025000000000000005,0.0
-0.0025000000000000005,0.024999999999999998
-0.0025000000000000005,0.049999999999999996
-0.0025000000000000005,0.075
0.004999999999999999,0.0
0.004999999999999999,0.024999999999999998
0.004999999999999999,0.049999999999999996
0.004999999999999999,0.075
0.0125,0.0
0.0125,0.024999999999999998
0.0125,0.049999999999999996
0.0125,0.075
