{
    "CT5A": {
        "ou_mean": 0.020980873349026277,
        "ou_std": 0.006196174669805256
    },
    "CT5B": {
        "ou_mean": 0.020252611745073243,
        "ou_std": 0.006050522349014649
    },
    "CT6": {
        "ou_mean": 0.019864227210628856,
        "ou_std": 0.005972845442125772
    },
    "HTC": {
        "ou_mean": 0.004222057614322839,
        "ou_std": 0.002844411522864568
    },
    "IRE": {
        "ou_mean": -0.001141109811473996,
        "ou_std": 0.0017717780377052008
    },
    "IREM": {
        "ou_mean": -0.001141109811473996,
        "ou_std": 0.0017717780377052008
    },
    "IT2": {
        "ou_mean": 0.024775267296259104,
        "ou_std": 0.006955053459251822
    },
    "IT3": {
        "ou_mean": 0.022492936791594004,
        "ou_std": 0.006498587358318801
    },
    "IT5A": {
        "ou_mean": 0.0037153856362510604,
        "ou_std": 0.002743077127250212
    },
    "IT5B": {
        "ou_mean": 0.010848241393961759,
        "ou_std": 0.004169648278792352
    },
    "IT6": {
        "ou_mean": 0.019439400492924343,
        "ou_std": 0.005887880098584869
    },
    "ITP4": {
        "ou_mean": 0.008758437388534181,
        "ou_std": 0.0037516874777068364
    },
    "ITS4": {
        "ou_mean": 0.0018519291151572023,
        "ou_std": 0.0023703858230314408
    },
    "NGF1": {
        "ou_mean": 0.004471165052880388,
        "ou_std": 0.0028942330105760777
    },
    "NGF2": {
        "ou_mean": 0.0046346211710341905,
        "ou_std": 0.002926924234206838
    },
    "NGF3": {
        "ou_mean": 0.004526753519544608,
        "ou_std": 0.0029053507039089217
    },
    "NGF4": {
        "ou_mean": 0.005602363408051028,
        "ou_std": 0.0031204726816102058
    },
    "NGF5A": {
        "ou_mean": 0.004484615794619343,
        "ou_std": 0.002896923158923869
    },
    "NGF5B": {
        "ou_mean": 0.0045592871979002,
        "ou_std": 0.0029118574395800402
    },
    "NGF6": {
        "ou_mean": 0.0038438827078113463,
        "ou_std": 0.0027687765415622696
    },
    "PT5B": {
        "ou_mean": 0.028029295791936457,
        "ou_std": 0.0076058591583872915
    },
    "PV2": {
        "ou_mean": 0.00476718200719803,
        "ou_std": 0.002953436401439606
    },
    "PV3": {
        "ou_mean": 0.004701562538831246,
        "ou_std": 0.0029403125077662492
    },
    "PV4": {
        "ou_mean": 0.00238021446463629,
        "ou_std": 0.002476042892927258
    },
    "PV5A": {
        "ou_mean": 0.009119495081741279,
        "ou_std": 0.0038238990163482556
    },
    "PV5B": {
        "ou_mean": 0.008851284279461073,
        "ou_std": 0.0037702568558922148
    },
    "PV6": {
        "ou_mean": 0.0021844160580215305,
        "ou_std": 0.002436883211604306
    },
    "SOM2": {
        "ou_mean": -0.0027997092187372567,
        "ou_std": 0.0014400581562525488
    },
    "SOM3": {
        "ou_mean": -0.0029969977242817114,
        "ou_std": 0.0014006004551436577
    },
    "SOM4": {
        "ou_mean": -0.005117119099308938,
        "ou_std": 0.0009765761801382126
    },
    "SOM5A": {
        "ou_mean": -0.00013400030857824922,
        "ou_std": 0.00197319993828435
    },
    "SOM5B": {
        "ou_mean": -0.0003291386937912549,
        "ou_std": 0.001934172261241749
    },
    "SOM6": {
        "ou_mean": 0.0005750077419234146,
        "ou_std": 0.002115001548384683
    },
    "TC": {
        "ou_mean": 0.0042318430900722456,
        "ou_std": 0.0028463686180144492
    },
    "TCM": {
        "ou_mean": 0.004076638045900746,
        "ou_std": 0.0028153276091801493
    },
    "TI": {
        "ou_mean": 0.004229649749827338,
        "ou_std": 0.0028459299499654675
    },
    "TIM": {
        "ou_mean": 0.004280876052661662,
        "ou_std": 0.0028561752105323323
    },
    "VIP2": {
        "ou_mean": 0.0006659052687379959,
        "ou_std": 0.0021331810537475993
    },
    "VIP3": {
        "ou_mean": 0.0006777761455672188,
        "ou_std": 0.002135555229113444
    },
    "VIP4": {
        "ou_mean": 0.0015565885026143133,
        "ou_std": 0.0023113177005228626
    },
    "VIP5A": {
        "ou_mean": 0.0033444341507191397,
        "ou_std": 0.002668886830143828
    },
    "VIP5B": {
        "ou_mean": 0.002764402262210414,
        "ou_std": 0.002552880452442083
    },
    "VIP6": {
        "ou_mean": -0.005297710875330928,
        "ou_std": 0.0009404578249338144
    }
}