{
    "CT5A": {
        "ou_mean": 0.01643489400954381,
        "ou_std": 0.011573957603817523
    },
    "CT5B": {
        "ou_mean": 0.013168830199031178,
        "ou_std": 0.010267532079612472
    },
    "CT6": {
        "ou_mean": 0.012236723974305568,
        "ou_std": 0.009894689589722228
    },
    "HTC": {
        "ou_mean": 0.0011164226961800083,
        "ou_std": 0.005446569078472003
    },
    "IRE": {
        "ou_mean": -0.004633509106794016,
        "ou_std": 0.0031465963572823935
    },
    "IREM": {
        "ou_mean": -0.004704041717060555,
        "ou_std": 0.003118383313175778
    },
    "IT2": {
        "ou_mean": 0.0008692630510069741,
        "ou_std": 0.00534770522040279
    },
    "IT3": {
        "ou_mean": 0.007701698558166372,
        "ou_std": 0.008080679423266549
    },
    "IT5A": {
        "ou_mean": 0.005301253095635183,
        "ou_std": 0.007120501238254073
    },
    "IT5B": {
        "ou_mean": 0.009079399281551354,
        "ou_std": 0.008631759712620542
    },
    "IT6": {
        "ou_mean": 0.00764568175067215,
        "ou_std": 0.00805827270026886
    },
    "ITP4": {
        "ou_mean": 0.010532906299685311,
        "ou_std": 0.009213162519874125
    },
    "ITS4": {
        "ou_mean": -0.0008315635571008034,
        "ou_std": 0.004667374577159679
    },
    "NGF1": {
        "ou_mean": 0.0039407432170524455,
        "ou_std": 0.0065762972868209785
    },
    "NGF2": {
        "ou_mean": 0.0029024699421331453,
        "ou_std": 0.006160987976853259
    },
    "NGF3": {
        "ou_mean": 0.004057499780882812,
        "ou_std": 0.006622999912353125
    },
    "NGF4": {
        "ou_mean": 0.0038378560999720885,
        "ou_std": 0.006535142439988836
    },
    "NGF5A": {
        "ou_mean": 0.003960649451618548,
        "ou_std": 0.006584259780647419
    },
    "NGF5B": {
        "ou_mean": 0.0034843693792499563,
        "ou_std": 0.006393747751699983
    },
    "NGF6": {
        "ou_mean": 0.004044632093000854,
        "ou_std": 0.006617852837200342
    },
    "PT5B": {
        "ou_mean": 0.02079317739249815,
        "ou_std": 0.01331727095699926
    },
    "PV2": {
        "ou_mean": 0.013074197031946101,
        "ou_std": 0.01022967881277844
    },
    "PV3": {
        "ou_mean": 0.012652698233199875,
        "ou_std": 0.01006107929327995
    },
    "PV4": {
        "ou_mean": 0.011927429027162022,
        "ou_std": 0.00977097161086481
    },
    "PV5A": {
        "ou_mean": 0.013561016710873652,
        "ou_std": 0.010424406684349461
    },
    "PV5B": {
        "ou_mean": 0.013366878409467696,
        "ou_std": 0.010346751363787078
    },
    "PV6": {
        "ou_mean": 0.011027642018649834,
        "ou_std": 0.009411056807459933
    },
    "SOM2": {
        "ou_mean": -0.002348628594578876,
        "ou_std": 0.00406054856216845
    },
    "SOM3": {
        "ou_mean": -0.0020652330627512197,
        "ou_std": 0.004173906774899512
    },
    "SOM4": {
        "ou_mean": -0.00235749887516502,
        "ou_std": 0.004057000449933992
    },
    "SOM5A": {
        "ou_mean": -0.0013683986741831562,
        "ou_std": 0.004452640530326737
    },
    "SOM5B": {
        "ou_mean": -0.0013297429311817108,
        "ou_std": 0.004468102827527316
    },
    "SOM6": {
        "ou_mean": -0.0012990108202912392,
        "ou_std": 0.004480395671883504
    },
    "TC": {
        "ou_mean": 0.0010399621153086291,
        "ou_std": 0.005415984846123452
    },
    "TCM": {
        "ou_mean": 0.0009233934487856438,
        "ou_std": 0.005369357379514258
    },
    "TI": {
        "ou_mean": 5.171775374747216e-05,
        "ou_std": 0.005020687101498989
    },
    "TIM": {
        "ou_mean": 0.00020644380256201918,
        "ou_std": 0.005082577521024808
    },
    "VIP2": {
        "ou_mean": 0.0030334855090165657,
        "ou_std": 0.006213394203606627
    },
    "VIP3": {
        "ou_mean": 0.0031677336424741527,
        "ou_std": 0.006267093456989661
    },
    "VIP4": {
        "ou_mean": 0.0033452745220738473,
        "ou_std": 0.0063381098088295396
    },
    "VIP5A": {
        "ou_mean": 0.003742578284134865,
        "ou_std": 0.006497031313653946
    },
    "VIP5B": {
        "ou_mean": 0.0033979842017235248,
        "ou_std": 0.00635919368068941
    },
    "VIP6": {
        "ou_mean": -0.0006364593732806397,
        "ou_std": 0.0047454162506877446
    }
}