{
    "CT5A": {
        "ou_mean": 0.014605092801475712,
        "ou_std": 0.004921018560295143
    },
    "CT5B": {
        "ou_mean": 0.014603890716920885,
        "ou_std": 0.004920778143384177
    },
    "CT6": {
        "ou_mean": 0.01433216614208968,
        "ou_std": 0.004866433228417936
    },
    "HTC": {
        "ou_mean": 0.003287704824962605,
        "ou_std": 0.002657540964992521
    },
    "IRE": {
        "ou_mean": -0.001152001236222141,
        "ou_std": 0.0017695997527555718
    },
    "IREM": {
        "ou_mean": -0.00019170718664789262,
        "ou_std": 0.0019616585626704213
    },
    "IT2": {
        "ou_mean": 0.008427505870671691,
        "ou_std": 0.0036855011741343383
    },
    "IT3": {
        "ou_mean": 0.01646728321823132,
        "ou_std": 0.005293456643646265
    },
    "IT5A": {
        "ou_mean": 0.0082168483219199,
        "ou_std": 0.0036433696643839797
    },
    "IT5B": {
        "ou_mean": 0.01167308475993525,
        "ou_std": 0.00433461695198705
    },
    "IT6": {
        "ou_mean": 0.010262259367388523,
        "ou_std": 0.004052451873477705
    },
    "ITP4": {
        "ou_mean": 0.0126044730358467,
        "ou_std": 0.00452089460716934
    },
    "ITS4": {
        "ou_mean": 0.0015665297622285104,
        "ou_std": 0.002313305952445702
    },
    "NGF1": {
        "ou_mean": 0.003726644170847955,
        "ou_std": 0.002745328834169591
    },
    "NGF2": {
        "ou_mean": 0.003760617186201824,
        "ou_std": 0.002752123437240365
    },
    "NGF3": {
        "ou_mean": 0.003711712130838417,
        "ou_std": 0.0027423424261676837
    },
    "NGF4": {
        "ou_mean": 0.0038908189830841582,
        "ou_std": 0.0027781637966168317
    },
    "NGF5A": {
        "ou_mean": 0.0036794244977149445,
        "ou_std": 0.0027358848995429888
    },
    "NGF5B": {
        "ou_mean": 0.00381270897353828,
        "ou_std": 0.002762541794707656
    },
    "NGF6": {
        "ou_mean": 0.0037522047418928027,
        "ou_std": 0.0027504409483785604
    },
    "PT5B": {
        "ou_mean": 0.020352654249934467,
        "ou_std": 0.006070530849986894
    },
    "PV2": {
        "ou_mean": 0.010969344555270856,
        "ou_std": 0.004193868911054171
    },
    "PV3": {
        "ou_mean": 0.010904571165017758,
        "ou_std": 0.004180914233003551
    },
    "PV4": {
        "ou_mean": 0.010114813785507208,
        "ou_std": 0.004022962757101442
    },
    "PV5A": {
        "ou_mean": 0.011918886251497188,
        "ou_std": 0.004383777250299438
    },
    "PV5B": {
        "ou_mean": 0.012036346734710088,
        "ou_std": 0.004407269346942018
    },
    "PV6": {
        "ou_mean": 0.01071528968933971,
        "ou_std": 0.004143057937867942
    },
    "SOM2": {
        "ou_mean": 0.0005472671272908122,
        "ou_std": 0.0021094534254581625
    },
    "SOM3": {
        "ou_mean": 0.0005094878269352454,
        "ou_std": 0.002101897565387049
    },
    "SOM4": {
        "ou_mean": 0.00021301963503042587,
        "ou_std": 0.002042603927006085
    },
    "SOM5A": {
        "ou_mean": 0.0008558858890819975,
        "ou_std": 0.0021711771778163995
    },
    "SOM5B": {
        "ou_mean": 0.0008286354951397433,
        "ou_std": 0.0021657270990279487
    },
    "SOM6": {
        "ou_mean": 0.0012526406532023969,
        "ou_std": 0.0022505281306404792
    },
    "TC": {
        "ou_mean": 0.0032821354379048004,
        "ou_std": 0.00265642708758096
    },
    "TCM": {
        "ou_mean": 0.003228121409954117,
        "ou_std": 0.0026456242819908236
    },
    "TI": {
        "ou_mean": 0.001978342554654227,
        "ou_std": 0.0023956685109308455
    },
    "TIM": {
        "ou_mean": 0.002026424849137113,
        "ou_std": 0.0024052849698274225
    },
    "VIP2": {
        "ou_mean": 0.0032306228808341945,
        "ou_std": 0.0026461245761668388
    },
    "VIP3": {
        "ou_mean": 0.003286271392349719,
        "ou_std": 0.0026572542784699437
    },
    "VIP4": {
        "ou_mean": 0.0036108267503402033,
        "ou_std": 0.002722165350068041
    },
    "VIP5A": {
        "ou_mean": 0.003820718971566957,
        "ou_std": 0.0027641437943133913
    },
    "VIP5B": {
        "ou_mean": 0.0036647056409396203,
        "ou_std": 0.0027329411281879243
    },
    "VIP6": {
        "ou_mean": 0.003199271238308406,
        "ou_std": 0.002639854247661681
    }
}