{
    "ou_inputs": {
        "NGF1": {
            "ou_mean": 0.007018361613556762,
            "ou_std": 0.0028073446454227047
        },
        "NGF2": {
            "ou_mean": 0.006674212181771801,
            "ou_std": 0.0026696848727087207
        },
        "NGF3": {
            "ou_mean": 0.00723914736918321,
            "ou_std": 0.002895658947673284
        },
        "NGF4": {
            "ou_mean": 0.007171649581520972,
            "ou_std": 0.0028686598326083893
        },
        "NGF5A": {
            "ou_mean": 0.007072301566140207,
            "ou_std": 0.002828920626456083
        },
        "NGF5B": {
            "ou_mean": 0.006910108600000846,
            "ou_std": 0.0027640434400003386
        },
        "NGF6": {
            "ou_mean": 0.007355836859322042,
            "ou_std": 0.002942334743728817
        },
        "SOM2": {
            "ou_mean": 0.002104588834656765,
            "ou_std": 0.000841835533862706
        },
        "SOM3": {
            "ou_mean": 0.002044935675882306,
            "ou_std": 0.0008179742703529225
        },
        "SOM4": {
            "ou_mean": 0.002073775256984836,
            "ou_std": 0.0008295101027939345
        },
        "SOM5A": {
            "ou_mean": 0.002090847114560687,
            "ou_std": 0.0008363388458242749
        },
        "SOM5B": {
            "ou_mean": 0.002088927785753897,
            "ou_std": 0.0008355711143015588
        },
        "SOM6": {
            "ou_mean": 0.0020823380729415863,
            "ou_std": 0.0008329352291766346
        },
        "PV2": {
            "ou_mean": 0.016516510204887893,
            "ou_std": 0.006606604081955157
        },
        "PV3": {
            "ou_mean": 0.01651155126648522,
            "ou_std": 0.006604620506594088
        },
        "PV4": {
            "ou_mean": 0.016212062558840265,
            "ou_std": 0.006484825023536107
        },
        "PV5A": {
            "ou_mean": 0.016546583190089656,
            "ou_std": 0.006618633276035863
        },
        "PV5B": {
            "ou_mean": 0.01650996330897582,
            "ou_std": 0.006603985323590328
        },
        "PV6": {
            "ou_mean": 0.016541220597536932,
            "ou_std": 0.0066164882390147735
        },
        "VIP2": {
            "ou_mean": 0.0052798949122061095,
            "ou_std": 0.0021119579648824437
        },
        "VIP3": {
            "ou_mean": 0.00541680979083773,
            "ou_std": 0.002166723916335092
        },
        "VIP4": {
            "ou_mean": 0.0053991554194655345,
            "ou_std": 0.002159662167786214
        },
        "VIP5A": {
            "ou_mean": 0.005388990666816897,
            "ou_std": 0.002155596266726759
        },
        "VIP5B": {
            "ou_mean": 0.005332551256210138,
            "ou_std": 0.002133020502484055
        },
        "VIP6": {
            "ou_mean": 0.005517226451604761,
            "ou_std": 0.0022068905806419043
        },
        "IT2": {
            "ou_mean": 0.009453656107208051,
            "ou_std": 0.0037814624428832207
        },
        "IT3": {
            "ou_mean": 0.011546456426967347,
            "ou_std": 0.004618582570786939
        },
        "IT6": {
            "ou_mean": 0.007687634167661584,
            "ou_std": 0.003075053667064634
        },
        "ITP4": {
            "ou_mean": 0.011003265029612437,
            "ou_std": 0.004401306011844975
        },
        "ITS4": {
            "ou_mean": 0.004481999634912696,
            "ou_std": 0.0017927998539650784
        },
        "IT5A": {
            "ou_mean": 0.00842881792658244,
            "ou_std": 0.0033715271706329757
        },
        "IT5B": {
            "ou_mean": 0.008874079181300287,
            "ou_std": 0.0035496316725201153
        },
        "PT5B": {
            "ou_mean": 0.019702019173535177,
            "ou_std": 0.007880807669414071
        },
        "CT5A": {
            "ou_mean": 0.013931398068740072,
            "ou_std": 0.005572559227496029
        },
        "CT5B": {
            "ou_mean": 0.013981286057882,
            "ou_std": 0.005592514423152801
        },
        "CT6": {
            "ou_mean": 0.013931224468125553,
            "ou_std": 0.0055724897872502215
        },
        "TC": {
            "ou_mean": 0.00356108251654845,
            "ou_std": 0.00142443300661938
        },
        "TCM": {
            "ou_mean": 0.0035500341056220464,
            "ou_std": 0.0014200136422488187
        },
        "HTC": {
            "ou_mean": 0.0035999180324448807,
            "ou_std": 0.0014399672129779524
        },
        "IRE": {
            "ou_mean": 0.0011600409490866437,
            "ou_std": 0.0004640163796346575
        },
        "IREM": {
            "ou_mean": 0.0011614017023014456,
            "ou_std": 0.00046456068092057826
        },
        "TI": {
            "ou_mean": 0.0009478376371623437,
            "ou_std": 0.0003791350548649375
        },
        "TIM": {
            "ou_mean": 0.000954936021555261,
            "ou_std": 0.00038197440862210445
        }
    }
}