{
    "CT5A": {
        "ou_mean": 0.017640885886516654,
        "ou_std": 0.0055281771773033304
    },
    "CT5B": {
        "ou_mean": 0.017592666463277343,
        "ou_std": 0.005518533292655468
    },
    "CT6": {
        "ou_mean": 0.017065567147504943,
        "ou_std": 0.005413113429500989
    },
    "HTC": {
        "ou_mean": 0.0032562863099252263,
        "ou_std": 0.0026512572619850454
    },
    "IRE": {
        "ou_mean": -0.0011882216697340763,
        "ou_std": 0.0017623556660531848
    },
    "IREM": {
        "ou_mean": -0.0009612135433945805,
        "ou_std": 0.001807757291321084
    },
    "IT2": {
        "ou_mean": 0.016362835905301742,
        "ou_std": 0.005272567181060349
    },
    "IT3": {
        "ou_mean": 0.01827516377762443,
        "ou_std": 0.0056550327555248865
    },
    "IT5A": {
        "ou_mean": 0.01380095959559935,
        "ou_std": 0.00476019191911987
    },
    "IT5B": {
        "ou_mean": 0.015845321218552894,
        "ou_std": 0.005169064243710579
    },
    "IT6": {
        "ou_mean": 0.01439230145515514,
        "ou_std": 0.0048784602910310285
    },
    "ITP4": {
        "ou_mean": 0.015476361572263918,
        "ou_std": 0.005095272314452784
    },
    "ITS4": {
        "ou_mean": 0.001544045253223486,
        "ou_std": 0.0023088090506446974
    },
    "NGF1": {
        "ou_mean": 0.0038690142520994585,
        "ou_std": 0.0027738028504198918
    },
    "NGF2": {
        "ou_mean": 0.0038945850914156232,
        "ou_std": 0.0027789170182831247
    },
    "NGF3": {
        "ou_mean": 0.003825736202204112,
        "ou_std": 0.0027651472404408226
    },
    "NGF4": {
        "ou_mean": 0.0038334822881166547,
        "ou_std": 0.002766696457623331
    },
    "NGF5A": {
        "ou_mean": 0.003841025968501813,
        "ou_std": 0.0027682051937003628
    },
    "NGF5B": {
        "ou_mean": 0.0038338600456809847,
        "ou_std": 0.002766772009136197
    },
    "NGF6": {
        "ou_mean": 0.0036409435061262475,
        "ou_std": 0.0027281887012252496
    },
    "PT5B": {
        "ou_mean": 0.020430903929831296,
        "ou_std": 0.006086180785966259
    },
    "PV2": {
        "ou_mean": 0.010910597560598204,
        "ou_std": 0.004182119512119642
    },
    "PV3": {
        "ou_mean": 0.01102864006543001,
        "ou_std": 0.004205728013086002
    },
    "PV4": {
        "ou_mean": 0.010618634807868153,
        "ou_std": 0.004123726961573631
    },
    "PV5A": {
        "ou_mean": 0.011851026744994822,
        "ou_std": 0.0043702053489989645
    },
    "PV5B": {
        "ou_mean": 0.011826434771125674,
        "ou_std": 0.004365286954225135
    },
    "PV6": {
        "ou_mean": 0.01066991877907709,
        "ou_std": 0.004133983755815418
    },
    "SOM2": {
        "ou_mean": 0.0005985337108546705,
        "ou_std": 0.002119706742170934
    },
    "SOM3": {
        "ou_mean": 0.0004966459337899882,
        "ou_std": 0.0020993291867579976
    },
    "SOM4": {
        "ou_mean": -0.0001181924377669577,
        "ou_std": 0.0019763615124466084
    },
    "SOM5A": {
        "ou_mean": 0.0010178380928681182,
        "ou_std": 0.0022035676185736238
    },
    "SOM5B": {
        "ou_mean": 0.0009892549846756875,
        "ou_std": 0.0021978509969351376
    },
    "SOM6": {
        "ou_mean": 0.0011971445951230815,
        "ou_std": 0.0022394289190246163
    },
    "TC": {
        "ou_mean": 0.0032519653898728847,
        "ou_std": 0.002650393077974577
    },
    "TCM": {
        "ou_mean": 0.0032332239453336095,
        "ou_std": 0.0026466447890667218
    },
    "TI": {
        "ou_mean": 0.002013799862534466,
        "ou_std": 0.002402759972506893
    },
    "TIM": {
        "ou_mean": 0.002008755799863155,
        "ou_std": 0.002401751159972631
    },
    "VIP2": {
        "ou_mean": 0.0031867728843274464,
        "ou_std": 0.002637354576865489
    },
    "VIP3": {
        "ou_mean": 0.0032110013637256483,
        "ou_std": 0.00264220027274513
    },
    "VIP4": {
        "ou_mean": 0.003384277302363134,
        "ou_std": 0.0026768554604726267
    },
    "VIP5A": {
        "ou_mean": 0.003786297721899766,
        "ou_std": 0.002757259544379953
    },
    "VIP5B": {
        "ou_mean": 0.0036146684665963186,
        "ou_std": 0.002722933693319264
    },
    "VIP6": {
        "ou_mean": 0.002493620170031694,
        "ou_std": 0.002498724034006339
    }
}