{
  "verbose": 0,
  "sim": {
    "duration": 5000,
    "dt": 0.05,
    "verbose": 0,
    "recordStep": 2,
    "name": "DEFAULT_NAME",
    "doquit": 1,
    "doplot": 0,
    "dosave": 1,
    "saveCellSecs": 0,
    "saveCellConns": 0,
    "useICThal": 0,
    "useCochleaThal": 0,
    "recordDipole": 0,
    "ncelltracerecord": 0,
    "recordFullTraces": 0
  },
  "net": {
    "connseed": 1,
    "stimseed": 1,
    "scale": 1.0,
    "sizeY": 2000.0,
    "sizeX": 200.0,
    "sizeZ": 200.0,
    "scaleDensity": 1.0,
    "EEGain": 1.1,
    "EIGain": 1.6313576020869256,
    "IEGain": 2.06,
    "IIGain": 1.4102431748127964,
    "EELayerGain": {"1": 1.0, "2": 1.1392556114489, "3": 0.2627680775261009, "4": 0.7953549349740079, "5A": 1.107062263790829, "5B": 0.1873673565713772, "6": 0.6},
    "EILayerGain": {"1": 0.827750821266419, "2": 0.8309591864633213, "3": 0.2606080713427127, "4": 0.7, "5A": 0.9777414771947963, "5B": 1.2194384057226428, "6": 2.661195004653538},
    "IELayerGain": {"1": 1.0, "2": 0.8766937284048854, "3": 0.5609281169449685, "4": 1.870729555191084, "5A": 3.566320604507868, "5B": 0.7695785463331726, "6": 4.9},
    "IILayerGain": {"1": 1.1305254604890966, "2": 1.1428945741399408, "3": 0.2896903197397815, "4": 1.08, "5A": 0.5982384402236298, "5B": 0.879452953038821, "6": 0.4784462642417754},  
    "EICellTypeGain": {
      "NGF": 2.7521920026073357,
      "PV": 0.6152864472687144,
      "SOM": 0.35116819915031644,
      "VIP": 1.1218458257976713
    },
    "IECellTypeGain": {
      "NGF": 0.11567059244128475,
      "PV": 2.9493206673798475,
      "SOM": 0.13986148108703275,
      "VIP": 0.10888755736754395
    },
    "intraThalamicGain": 0.9843624229766335,
    "ICThalweightECore": 0.8350476447841453,
    "ICThalweightICore": 0.2114492149101151,
    "ICThalprobECore": 0.163484173596043,
    "ICThalprobICore": 0.0936669688856933,
    "ICThalMatrixCoreFactor": 0.1,
    "cochThalweightECore": 0.225,
    "cochThalweightICore": 0.0675,
    "cochThalweightEMatrix": 0.1125,
    "cochThalweightIMatrix": 0.0675,
    "cochThalprobECore": 0.9,
    "cochThalprobICore": 0.45,
    "cochThalprobEMatrix": 0.1125,
    "cochThalprobIMatrix": 0.0028,
    "cochThalFreqRange": [750, 1250],
    "fracHSRMSRLSR": [0.0, 0.0, 1.0],
    "thalL4PV": 0.21367245896786016,
    "thalL4SOM": 0.24260966747847523,
    "thalL4E": 2,
    "thalL4VIP": 1.0,
    "thalL4NGF": 1.0,
    "thalL1NGF": 1.0,
    "ENGF1": 1.0,
    "L4L3E": 1.0,
    "L4L3PV": 1.0,
    "L4L3SOM": 1.0,
    "L4L3VIP": 1.0,
    "L4L3NGF": 1.0,
    "EEPopGain": {"IT2": 1.3125, "IT3": 1.55, "ITP4": 1.0, "ITS4": 1.0, "IT5A": 1.05, "CT5A": 1.1500000000000001, "IT5B": 0.425, "CT5B": 1.1500000000000001, "PT5B": 1.05, "IT6": 1.05, "CT6": 1.05},
    "EIPopGain": {"NGF1": 1.0, "SOM2": 1.0, "PV2": 1.0, "VIP2": 1.0, "NGF2": 1.0, "SOM3": 1.0, "PV3": 1.0, "VIP3": 1.0, "NGF3": 1.0, "SOM4": 1.0, "PV4": 1.0, "VIP4": 1.0, "NGF4": 1.0, "SOM5A": 1.0, "PV5A": 1.4, "VIP5A": 1.25, "NGF5A": 0.8, "SOM5B": 1.0, "PV5B": 1.45, "VIP5B": 1.4, "NGF5B": 0.9500000000000001, "SOM6": 1.0, "PV6": 1.4, "VIP6": 1.3499999999999999, "NGF6": 0.65},
    "ThalamicCoreLambda": 50.0,
    "addIntraThalamicConn": 1,
    "addCorticoThalamicConn": 1,
    "addThalamoCorticalConn": 1,
    "thalamoCorticalGain" : 3.0,
    "corticoThalamicGain": 1.0,
    "intraThalamicEEGain": 1.0,
    "intraThalamicEIGain": 1.0,
    "intraThalamicIEGain": 1.0,
    "intraThalamicIIGain": 1.0,
    "intraThalamicCoreEEGain": 1.0,
    "intraThalamicCoreEIGain": 1.5,
    "intraThalamicCoreIEGain": 1.5,
    "intraThalamicCoreIIGain": 1.0      
  },
  "ICThalInput": {
    "onset": 5000, "offset":12000, "interval": 1000,
    "file": "data/ICoutput/ICoutput_CF_5256_6056_wav_BBN_100ms_burst.mat"
  },
  "CochlearThalInput": {
      "lonset":[0],      
      "numCenterFreqs": 1,
      "freqRange": [125, 20000],
      "loudnessScale": 1,
      "lfnwave":["wav/silence6.8s.wav"],
      "autoSilence": 0,
      "useLinearCF": 0,
      "saveDcoch": 1,
      "readDcoch": "data/25jan24_G_dcoch.pkl"
  },
  "EbkgThalamicGain": 0.392,
  "IbkgThalamicGain": 1.96,
  "syn": {
      "GABABThal": {"mod": "MyExp2SynBB", "tau1": 41, "tau2": 642, "e": -105},
      "GABABCtx": {"mod": "MyExp2SynBB", "tau1": 41, "tau2": 642, "e": -105},      
      "synWeightFractionThal": {
        "Thal":{"I": {"E": [0.9, 0.4], "I": [1.0, 0.0]}}, 
        "Ctx": {"I": {"E": [1.0, 0.0], "I": [1.0]}}
      },
      "synWeightFractionNGF":  {"E":[0.5, 1.0], "I":[1.0]},
      "synWeightFractionSOM":  {"E":[0.9, 0.2], "I":[1.0]},
      "synWeightFractionIE": [0.9, 0.1],
      "synWeightFractionII": [1.0],
      "synWeightFractionEE": [0.5, 0.5],
      "synWeightFractionEI": [0.5, 0.5],
      "synWeightFractionEI_CustomCort": [0.5, 0.5],
      "synWeightFractionENGF": [0.834, 0.166]
  },
  "addIClamp": 0,
  "IClamp" : {
      "ITP4": {"delay": 500, "dur": 7500, "amp": 0.5, "sec": "soma", "loc": 0.5},
      "ITS4": {"delay": 500, "dur": 7500, "amp": 0.5, "sec": "soma", "loc": 0.5}
  },
  "addRIClamp": 0,
  "RIClamp" : {
    "TCM": {"delay": 100, "dur": 100, "amp": 0.375, "sec": "soma", "loc": 0.5, "number": 25, "interval": 250}
  },
  "addNetStim": 0,
  "NetStim": {
       "TC": {"start": 3000, "interval": 150.0, "weight":10.0, "sec": "soma", "loc": 0.5, "synMech": "AMPA","delay":0,"number":15,"noise":0},
       "HTC": {"start": 3000, "interval": 150.0, "weight":10.0, "sec": "soma", "loc": 0.5, "synMech": "AMPA","delay":0,"number":15,"noise":0},
       "TCM": {"start": 3000, "interval": 150.0, "weight":5.0, "sec": "soma", "loc": 0.5, "synMech": "AMPA","delay":0,"number":15,"noise":0}       
   }
}
