{
  "NGF1": 386.1145573808806,
  "IT2": 78.02980031544791,
  "SOM2": 276.6442541806955,
  "PV2": 172.5228437331553,
  "VIP2": 230.02785582768865,
  "NGF2": 386.1145516274756,
  "IT3": 67.9108359449585,
  "SOM3": 276.6442541806955,
  "PV3": 172.5228461128497,
  "VIP3": 230.02785363152915,
  "NGF3": 386.1145516274756,
  "ITP4": 67.51593412931376,
  "ITS4": 152.96847808272486,
  "SOM4": 276.6442559260933,
  "PV4": 172.5228461128497,
  "VIP4": 230.0278440106922,
  "NGF4": 386.1145516274756,
  "IT5A": 109.72850248707441,
  "CT5A": 52.47545124983901,
  "SOM5A": 276.6442559260933,
  "PV5A": 172.5228461128497,
  "VIP5A": 230.02784329688401,
  "NGF5A": 386.1145516274756,
  "IT5B": 102.86468961727546,
  "CT5B": 52.475451947353996,
  "PT5B": 67.01306043382583,
  "SOM5B": 276.6442559260933,
  "PV5B": 172.5228461128497,
  "VIP5B": 230.02782017590127,
  "NGF5B": 386.1145516274756,
  "IT6": 106.74694052205136,
  "CT6": 52.475452860635414,
  "SOM6": 276.6442559260933,
  "PV6": 172.5228461128497,
  "VIP6": 230.02786733248269,
  "NGF6": 386.1145516274756,
  "TC": 72.83723349862234,
  "TCM": 72.83723349862234,
  "HTC": 72.83723358590521,
  "IRE": 178.8664465447829,
  "IREM": 178.8664465447829,
  "TI": 1210.4915680903416,
  "TIM": 1210.4915680903416
}