{"NGF1": 0.01177984760311605, "IT2": 0.027101081980387853, "SOM2": 0.022736420441699334, "PV2": 0.03065767036966355, "VIP2": 0.030557749073643906, "NGF2": 0.011779849968198234, "IT3": 0.027101081980387853, "SOM3": 0.022736420441699334, "PV3": 0.03065767036966355, "VIP3": 0.030557749073643906, "NGF3": 0.011779849968198234, "ITP4": 0.027101081980387853, "ITS4": 0.010695405695732572, "SOM4": 0.022736420441699334, "PV4": 0.03065767036966355, "VIP4": 0.030557749073643906, "NGF4": 0.011779849968198234, "IT5A": 0.044510289788146154, "CT5A": 0.027101081980387853, "SOM5A": 0.022736420441699334, "PV5A": 0.03065767036966355, "VIP5A": 0.030557749073643906, "NGF5A": 0.011779849968198234, "IT5B": 0.044510289788146154, "CT5B": 0.027101081980387853, "PT5B": 0.0443327056982214, "SOM5B": 0.022736420441699334, "PV5B": 0.03065767036966355, "VIP5B": 0.030557749073643906, "NGF5B": 0.011779849968198234, "IT6": 0.044510289788146154, "CT6": 0.027101081980387853, "SOM6": 0.022736420441699334, "PV6": 0.03065767036966355, "VIP6": 0.030557749073643906, "NGF6": 0.011779849968198234, "TC": 0.006631455962162304, "TCM": 0.006631455962162304, "HTC": 0.006631455962162304, "IRE": 0.008426780984214477, "IREM": 0.008426780984214477, "TI": 0.12223099629457562, "TIM": 0.12223099629457562}