{
  "NGF1": -74.10786712591192,
  "IT2": -69.56731487254909,
  "SOM2": -69.56731487254909,
  "PV2": -74.10786712591192,
  "VIP2": -69.56731487254909,
  "NGF2": -62.611362478882185,
  "IT3": -64.88330486664226,
  "SOM3": -74.04502023154528,
  "PV3": -70.08956563901728,
  "VIP3": -74.10786712591192,
  "NGF3": -62.611362478882185,
  "ITP4": -85.86365407503116,
  "ITS4": -85.38662723361804,
  "SOM4": -64.88330486664226,
  "PV4": -74.04502023154528,
  "VIP4": -70.08956564713111,
  "NGF4": -62.611362478882185,
  "IT5A": -81.1898139579433,
  "CT5A": -86.04098063746211,
  "SOM5A": -64.88330486664226,
  "PV5A": -74.04502023154528,
  "VIP5A": -70.08956564689193,
  "NGF5A": -62.611362478882185,
  "IT5B": -81.14010744807092,
  "CT5B": -86.04098064704446,
  "PT5B": -80.49768200627737,
  "SOM5B": -64.88330486664226,
  "PV5B": -74.04502023154528,
  "VIP5B": -70.08956563901728,
  "NGF5B": -62.611362478882185,
  "IT6": -80.49698077947143,
  "CT6": -86.04098065035373,
  "SOM6": -64.88330486664226,
  "PV6": -74.04502023154528,
  "VIP6": -70.08956565507025,
  "NGF6": -62.611362478882185,
  "IRE": -74.10786712591192,
  "IREM": -74.10786712591192,
  "TI": -69.56731487254909,
  "TIM": -69.56731487254909
}