{
  "NGF1": -62.616649707398054,
  "IT2": -85.77378451204842,
  "SOM2": -64.88352687651229,
  "PV2": -74.04133428685321,
  "VIP2": -70.0789771775182,
  "NGF2": -62.61665008070335,
  "IT3": -85.67304829858199,
  "SOM3": -64.88352687651229,
  "PV3": -74.04133429640491,
  "VIP3": -70.07897717677619,
  "NGF3": -62.61665008070335,
  "ITP4": -85.86351618505532,
  "ITS4": -85.38652270569492,
  "SOM4": -64.88352687174158,
  "PV4": -74.04133429640491,
  "VIP4": -70.0789771735239,
  "NGF4": -62.61665008070335,
  "IT5A": -81.18974489448213,
  "CT5A": -86.04088876843177,
  "SOM5A": -64.88352687174158,
  "PV5A": -74.04133429640491,
  "VIP5A": -70.07897717328709,
  "NGF5A": -62.61665008070335,
  "IT5B": -81.14012639719502,
  "CT5B": -86.04088877801632,
  "PT5B": -80.48388795707655,
  "SOM5B": -64.88352687174158,
  "PV5B": -74.04133429640491,
  "VIP5B": -70.07897716547185,
  "NGF5B": -62.61665008070335,
  "IT6": -80.49721805894418,
  "CT6": -86.04088878133673,
  "SOM6": -64.88352687174158,
  "PV6": -74.04133429640491,
  "VIP6": -70.07897718140252,
  "NGF6": -62.61665008070335,
  "TC": -70.11841147885406,
  "TCM": -70.11841147885406,
  "HTC": -70.11841146991301,
  "IRE": -74.12165835394165,
  "IREM": -74.12165835394165,
  "TI": -69.60849046357917,
  "TIM": -69.60849046357917
}