{
  "NGF1": -80.49650622023387,
  "IT2": -86.04116440107371,
  "SOM2": -64.88286085644351,
  "PV2": -62.60077900729429,
  "VIP2": -70.10992251898836,
  "NGF2": -62.60077900729429,
  "IT3": -64.88286085644351,
  "SOM3": -74.05238598542022,
  "PV3": -70.10992250284957,
  "VIP3": -62.60077900729429,
  "NGF3": -62.60077900729429,
  "ITP4": -85.8639299020878,
  "ITS4": -85.3868362020157,
  "SOM4": -64.88286085644351,
  "PV4": -74.05238598542022,
  "VIP4": -70.1099225110068,
  "NGF4": -62.60077900729429,
  "IT5A": -81.18995208456539,
  "CT5A": -86.04116438820873,
  "SOM5A": -64.88286085644351,
  "PV5A": -74.05238598542022,
  "VIP5A": -70.1099225107653,
  "NGF5A": -62.60077900729429,
  "IT5B": -81.14006954952114,
  "CT5B": -86.04116439778674,
  "PT5B": -80.51274142409454,
  "SOM5B": -64.88286085644351,
  "PV5B": -74.05238598542022,
  "VIP5B": -70.10992250284957,
  "NGF5B": -62.60077900729429,
  "IT6": -80.49650622023387,
  "CT6": -86.04116440107371,
  "SOM6": -64.88286085644351,
  "PV6": -74.05238598542022,
  "VIP6": -70.10992251898836,
  "NGF6": -62.60077900729429
}