{"NGF1": -43.036196138417125, "IT2": -66.77887585073006, "SOM2": -44.47939223150601, "PV2": -54.71957738846625, "VIP2": -50.444658230440076, "NGF2": -43.01916619586714, "IT3": -66.74206136544224, "SOM3": -44.456291926560155, "PV3": -54.75334647192342, "VIP3": -50.430491190132905, "NGF3": -43.08318989375964, "ITP4": -67.00255867495811, "ITS4": -66.41424178879252, "SOM4": -44.489439907430004, "PV4": -54.72696545385967, "VIP4": -50.43329175835241, "NGF4": -43.044430118164286, "IT5A": -61.622625057143026, "CT5A": -67.4085303094707, "SOM5A": -44.48395570451828, "PV5A": -54.77494879453325, "VIP5A": -50.451009609445244, "NGF5A": -43.03256437736714, "IT5B": -61.598285055020995, "CT5B": -67.4859794984952, "PT5B": -61.14845287227862, "SOM5B": -44.48633360755305, "PV5B": -54.734294833307395, "VIP5B": -50.44637016593398, "NGF5B": -43.04486049987411, "IT6": -60.96721919524352, "CT6": -67.39481907862162, "SOM6": -44.45145902556747, "PV6": -54.74585627606235, "VIP6": -50.46815021577254, "NGF6": -43.093714228942666, "TC": -55.62671674971854, "TCM": -55.99812313600323, "HTC": -55.51971663371627, "IRE": -55.33143303538646, "IREM": -55.32578181342789, "TI": -49.48795154282213, "TIM": -49.48768084168678}